disease	year	count
Acute anterior poliomyelitis	1982	1
Acute anterior poliomyelitis	1983	0
Acute anterior poliomyelitis	1984	1
Acute anterior poliomyelitis	1985	0
Acute anterior poliomyelitis	1986	0
Acute anterior poliomyelitis	1987	0
Acute anterior poliomyelitis	1988	0
Acute anterior poliomyelitis	1989	0
Acute anterior poliomyelitis	1990	0
Acute anterior poliomyelitis	1991	0
Acute anterior poliomyelitis	1992	0
Acute anterior poliomyelitis	1993	0
Acute anterior poliomyelitis	1994	0
Acute anterior poliomyelitis	1995	0
Acute anterior poliomyelitis	1996	0
Acute anterior poliomyelitis	1997	0
Acute anterior poliomyelitis	1998	0
Acute anterior poliomyelitis	1999	0
Acute anterior poliomyelitis	2000	0
Acute anterior poliomyelitis	2001	0
Acute anterior poliomyelitis	2002	0
Acute anterior poliomyelitis	2004	0
Acute anterior poliomyelitis	2005	0
Acute anterior poliomyelitis	2006	0
Acute anterior poliomyelitis	2007	0
Acute anterior poliomyelitis	2008	0
Acute anterior poliomyelitis	2009	0
Acute anterior poliomyelitis	2010	0
Acute anterior poliomyelitis	2011	0
Acute anterior poliomyelitis	2012	0
Acute anterior poliomyelitis	2013	0
Acute anterior poliomyelitis	2014	0
Acute anterior poliomyelitis	2015	0
Acute anterior poliomyelitis	2016	0
Acute anterior poliomyelitis	2017	0
Acute anterior poliomyelitis	2018	0
Acute anterior poliomyelitis	2019	0
Acute anterior poliomyelitis	2020	0
Acute anterior poliomyelitis	2021	0
Acute anterior poliomyelitis	2022	0
Acute anterior poliomyelitis	2023	0
Anthrax	1982	0
Anthrax	1983	0
Anthrax	1984	0
Anthrax	1985	0
Anthrax	1986	0
Anthrax	1987	0
Anthrax	1988	0
Anthrax	1989	0
Anthrax	1990	0
Anthrax	1991	0
Anthrax	1992	0
Anthrax	1993	0
Anthrax	1994	0
Anthrax	1995	0
Anthrax	1996	0
Anthrax	1997	0
Anthrax	1998	0
Anthrax	1999	0
Anthrax	2000	0
Anthrax	2001	0
Anthrax	2002	0
Anthrax	2004	0
Anthrax	2005	0
Anthrax	2006	0
Anthrax	2007	0
Anthrax	2008	0
Anthrax	2009	0
Anthrax	2010	0
Anthrax	2011	0
Anthrax	2012	0
Anthrax	2013	0
Anthrax	2014	0
Anthrax	2015	0
Anthrax	2016	0
Anthrax	2017	0
Anthrax	2018	0
Anthrax	2019	0
Anthrax	2020	0
Anthrax	2021	0
Anthrax	2022	0
Anthrax	2023	0
Bacillus cereus food-borne infection or intoxication	1982	143
Bacillus cereus food-borne infection or intoxication	1983	212
Bacillus cereus food-borne infection or intoxication	1984	273
Bacillus cereus food-borne infection or intoxication	1985	146
Bacillus cereus food-borne infection or intoxication	1986	347
Bacillus cereus food-borne infection or intoxication	1987	68
Bacillus cereus food-borne infection or intoxication	1988	422
Bacillus cereus food-borne infection or intoxication	1989	143
Bacillus cereus food-borne infection or intoxication	1990	277
Bacillus cereus food-borne infection or intoxication	1991	736
Bacillus cereus food-borne infection or intoxication	1992	283
Bacillus cereus food-borne infection or intoxication	1993	219
Bacillus cereus food-borne infection or intoxication	1994	203
Bacillus cereus food-borne infection or intoxication	1995	97
Bacillus cereus food-borne infection or intoxication	1996	59
Bacillus cereus food-borne infection or intoxication	1997	41
Bacillus cereus food-borne infection or intoxication	1998	120
Bacillus cereus food-borne infection or intoxication	1999	116
Bacillus cereus food-borne infection or intoxication	2000	30
Bacillus cereus food-borne infection or intoxication	2001	28
Bacillus cereus food-borne infection or intoxication	2002	26
Bacillus cereus food-borne infection or intoxication	2004	1
Bacillus cereus food-borne infection or intoxication	2005	0
Bacillus cereus food-borne infection or intoxication	2006	0
Bacillus cereus food-borne infection or intoxication	2007	0
Bacillus cereus food-borne infection or intoxication	2008	0
Bacillus cereus food-borne infection or intoxication	2009	1
Bacillus cereus food-borne infection or intoxication	2010	0
Bacillus cereus food-borne infection or intoxication	2011	0
Bacillus cereus food-borne infection or intoxication	2012	0
Bacillus cereus food-borne infection or intoxication	2013	0
Bacillus cereus food-borne infection or intoxication	2014	0
Bacillus cereus food-borne infection or intoxication	2015	1
Bacillus cereus food-borne infection or intoxication	2016	0
Bacillus cereus food-borne infection or intoxication	2017	1
Bacillus cereus food-borne infection or intoxication	2018	0
Bacillus cereus food-borne infection or intoxication	2019	2
Bacillus cereus food-borne infection or intoxication	2020	2
Bacillus cereus food-borne infection or intoxication	2021	0
Bacillus cereus food-borne infection or intoxication	2022	6
Bacillus cereus food-borne infection or intoxication	2023	0
Bacterial Meningitis (including meningococcal septicaemia)	1982	124
Bacterial Meningitis (including meningococcal septicaemia)	1983	141
Bacterial Meningitis (including meningococcal septicaemia)	1984	192
Bacterial Meningitis (including meningococcal septicaemia)	1985	100
Bacterial Meningitis (including meningococcal septicaemia)	1986	147
Bacterial Meningitis (including meningococcal septicaemia)	1987	111
Bacterial Meningitis (including meningococcal septicaemia)	1988	128
Bacterial Meningitis (including meningococcal septicaemia)	1989	115
Bacterial Meningitis (including meningococcal septicaemia)	1990	131
Bacterial Meningitis (including meningococcal septicaemia)	1991	155
Bacterial Meningitis (including meningococcal septicaemia)	1992	225
Bacterial Meningitis (including meningococcal septicaemia)	1993	203
Bacterial Meningitis (including meningococcal septicaemia)	1994	241
Bacterial Meningitis (including meningococcal septicaemia)	1995	382
Bacterial Meningitis (including meningococcal septicaemia)	1996	410
Bacterial Meningitis (including meningococcal septicaemia)	1997	508
Bacterial Meningitis (including meningococcal septicaemia)	1998	491
Bacterial Meningitis (including meningococcal septicaemia)	1999	587
Bacterial Meningitis (including meningococcal septicaemia)	2000	586
Bacterial Meningitis (including meningococcal septicaemia)	2001	396
Bacterial Meningitis (including meningococcal septicaemia)	2002	297
Bacterial meningitis (not otherwise specified)	2004	36
Bacterial meningitis (not otherwise specified)	2005	29
Bacterial meningitis (not otherwise specified)	2006	46
Bacterial meningitis (not otherwise specified)	2007	33
Bacterial meningitis (not otherwise specified)	2008	40
Bacterial meningitis (not otherwise specified)	2009	40
Bacterial meningitis (not otherwise specified)	2010	42
Bacterial meningitis (not otherwise specified)	2011	35
Bacterial meningitis (not otherwise specified)	2012	29
Bacterial meningitis (not otherwise specified)	2013	21
Bacterial meningitis (not otherwise specified)	2014	23
Bacterial meningitis (not otherwise specified)	2015	32
Bacterial meningitis (not otherwise specified)	2016	15
Bacterial meningitis (not otherwise specified)	2017	25
Bacterial meningitis (not otherwise specified)	2018	36
Bacterial meningitis (not otherwise specified)	2019	38
Bacterial meningitis (not otherwise specified)	2020	36
Bacterial meningitis (not otherwise specified)	2021	24
Bacterial meningitis (not otherwise specified)	2022	22
Bacterial meningitis (not otherwise specified)	2023	15
Botulism	2004	0
Botulism	2005	0
Botulism	2006	1
Botulism	2007	0
Botulism	2008	7
Botulism	2009	0
Botulism	2010	0
Botulism	2011	1
Botulism	2012	0
Botulism	2013	1
Botulism	2014	1
Botulism	2015	0
Botulism	2016	0
Botulism	2017	0
Botulism	2018	0
Botulism	2019	0
Botulism	2020	0
Botulism	2021	0
Botulism	2022	4
Botulism	2023	0
Brucellosis	1982	159
Brucellosis	1983	126
Brucellosis	1984	126
Brucellosis	1985	115
Brucellosis	1986	53
Brucellosis	1987	38
Brucellosis	1988	22
Brucellosis	1989	20
Brucellosis	1990	15
Brucellosis	1991	27
Brucellosis	1992	26
Brucellosis	1993	28
Brucellosis	1994	14
Brucellosis	1995	6
Brucellosis	1996	10
Brucellosis	1997	7
Brucellosis	1998	15
Brucellosis	1999	19
Brucellosis	2000	15
Brucellosis	2001	14
Brucellosis	2002	4
Brucellosis	2004	59
Brucellosis	2005	46
Brucellosis	2006	26
Brucellosis	2007	24
Brucellosis	2008	3
Brucellosis	2009	0
Brucellosis	2010	2
Brucellosis	2011	1
Brucellosis	2012	2
Brucellosis	2013	1
Brucellosis	2014	3
Brucellosis	2015	0
Brucellosis	2016	2
Brucellosis	2017	2
Brucellosis	2018	0
Brucellosis	2019	0
Brucellosis	2020	0
Brucellosis	2021	0
Brucellosis	2022	2
Brucellosis	2023	5
COVID-19	2015	0
COVID-19	2016	0
COVID-19	2017	0
COVID-19	2018	0
COVID-19	2019	0
COVID-19	2020	204692
COVID-19	2021	1344922
COVID-19	2022	1839101
COVID-19	2023	35590
Campylobacter infection	2004	1685
Campylobacter infection	2005	1796
Campylobacter infection	2006	1811
Campylobacter infection	2007	1879
Campylobacter infection	2008	1736
Campylobacter infection	2009	1807
Campylobacter infection	2010	1660
Campylobacter infection	2011	2427
Campylobacter infection	2012	2388
Campylobacter infection	2013	2276
Campylobacter infection	2014	2615
Campylobacter infection	2015	2447
Campylobacter infection	2016	2511
Campylobacter infection	2017	2785
Campylobacter infection	2018	6058
Campylobacter infection	2019	5553
Campylobacter infection	2020	4860
Campylobacter infection	2021	6290
Campylobacter infection	2022	7232
Campylobacter infection	2023	3737
Carbapenem-resistant Enterobacteriaceae infection (invasive)	2004	NA
Carbapenem-resistant Enterobacteriaceae infection (invasive)	2005	NA
Carbapenem-resistant Enterobacteriaceae infection (invasive)	2006	NA
Carbapenem-resistant Enterobacteriaceae infection (invasive)	2007	NA
Carbapenem-resistant Enterobacteriaceae infection (invasive)	2008	NA
Carbapenem-resistant Enterobacteriaceae infection (invasive)	2009	NA
Carbapenem-resistant Enterobacteriaceae infection (invasive)	2010	NA
Carbapenem-resistant Enterobacteriaceae infection (invasive)	2011	NA
Carbapenem-resistant Enterobacteriaceae infection (invasive)	2012	0
Carbapenem-resistant Enterobacteriaceae infection (invasive)	2013	0
Carbapenem-resistant Enterobacteriaceae infection (invasive)	2014	5
Carbapenem-resistant Enterobacteriaceae infection (invasive)	2015	8
Carbapenem-resistant Enterobacteriaceae infection (invasive)	2016	14
Carbapenem-resistant Enterobacteriaceae infection (invasive)	2017	14
Carbapenem-resistant Enterobacteriaceae infection (invasive)	2018	32
Carbapenem-resistant Enterobacteriaceae infection (invasive)	2019	34
Carbapenem-resistant Enterobacteriaceae infection (invasive)	2020	18
Carbapenem-resistant Enterobacteriaceae infection (invasive)	2021	20
Carbapenem-resistant Enterobacteriaceae infection (invasive)	2022	50
Carbapenem-resistant Enterobacteriaceae infection (invasive)	2023	31
Chancroid	2004	NA
Chancroid	2005	NA
Chancroid	2006	NA
Chancroid	2007	NA
Chancroid	2008	NA
Chancroid	2009	NA
Chancroid	2010	NA
Chancroid	2011	NA
Chancroid	2012	NA
Chancroid	2013	0
Chancroid	2014	0
Chancroid	2015	0
Chancroid	2016	0
Chancroid	2017	0
Chancroid	2018	0
Chancroid	2019	0
Chancroid	2020	0
Chancroid	2021	0
Chancroid	2022	0
Chancroid	2023	0
Chickenpox - hospitalised cases	2004	NA
Chickenpox - hospitalised cases	2005	NA
Chickenpox - hospitalised cases	2006	NA
Chickenpox - hospitalised cases	2007	NA
Chickenpox - hospitalised cases	2008	NA
Chickenpox - hospitalised cases	2009	NA
Chickenpox - hospitalised cases	2010	NA
Chickenpox - hospitalised cases	2011	NA
Chickenpox - hospitalised cases	2012	80
Chickenpox - hospitalised cases	2013	53
Chickenpox - hospitalised cases	2014	61
Chickenpox - hospitalised cases	2015	69
Chickenpox - hospitalised cases	2016	106
Chickenpox - hospitalised cases	2017	105
Chickenpox - hospitalised cases	2018	198
Chickenpox - hospitalised cases	2019	186
Chickenpox - hospitalised cases	2020	50
Chickenpox - hospitalised cases	2021	46
Chickenpox - hospitalised cases	2022	151
Chickenpox - hospitalised cases	2023	167
Chikungunya disease	2004	NA
Chikungunya disease	2005	NA
Chikungunya disease	2006	NA
Chikungunya disease	2007	NA
Chikungunya disease	2008	NA
Chikungunya disease	2009	NA
Chikungunya disease	2010	NA
Chikungunya disease	2011	NA
Chikungunya disease	2012	0
Chikungunya disease	2013	0
Chikungunya disease	2014	1
Chikungunya disease	2015	1
Chikungunya disease	2016	1
Chikungunya disease	2017	0
Chikungunya disease	2018	0
Chikungunya disease	2019	2
Chikungunya disease	2020	0
Chikungunya disease	2021	0
Chikungunya disease	2022	0
Chikungunya disease	2023	0
Chlamydia trachomatis infection	2004	NA
Chlamydia trachomatis infection	2005	NA
Chlamydia trachomatis infection	2006	NA
Chlamydia trachomatis infection	2007	NA
Chlamydia trachomatis infection	2008	NA
Chlamydia trachomatis infection	2009	NA
Chlamydia trachomatis infection	2010	NA
Chlamydia trachomatis infection	2011	NA
Chlamydia trachomatis infection	2012	NA
Chlamydia trachomatis infection	2013	6257
Chlamydia trachomatis infection	2014	6696
Chlamydia trachomatis infection	2015	6776
Chlamydia trachomatis infection	2016	6875
Chlamydia trachomatis infection	2017	7402
Chlamydia trachomatis infection	2018	15858
Chlamydia trachomatis infection	2019	18331
Chlamydia trachomatis infection	2020	13888
Chlamydia trachomatis infection	2021	14421
Chlamydia trachomatis infection	2022	21883
Chlamydia trachomatis infection	2023	13708
Cholera	1982	0
Cholera	1983	0
Cholera	1984	0
Cholera	1985	0
Cholera	1986	0
Cholera	1987	0
Cholera	1988	0
Cholera	1989	0
Cholera	1990	0
Cholera	1991	0
Cholera	1992	0
Cholera	1993	0
Cholera	1994	0
Cholera	1995	0
Cholera	1996	0
Cholera	1997	0
Cholera	1998	0
Cholera	1999	0
Cholera	2000	1
Cholera	2001	1
Cholera	2002	1
Cholera	2004	0
Cholera	2005	0
Cholera	2006	0
Cholera	2007	0
Cholera	2008	0
Cholera	2009	0
Cholera	2010	0
Cholera	2011	0
Cholera	2012	0
Cholera	2013	0
Cholera	2014	0
Cholera	2015	0
Cholera	2016	0
Cholera	2017	0
Cholera	2018	0
Cholera	2019	0
Cholera	2020	0
Cholera	2021	0
Cholera	2022	0
Cholera	2023	0
Clostridium difficile infection	2004	NA
Clostridium difficile infection	2005	NA
Clostridium difficile infection	2006	NA
Clostridium difficile infection	2007	NA
Clostridium difficile infection	2008	1614
Clostridium difficile infection	2009	1895
Clostridium difficile infection	2010	1693
Clostridium difficile infection	2011	1847
Clostridium difficile infection	2012	1822
Clostridium difficile infection	2013	1813
Clostridium difficile infection	2014	1802
Clostridium difficile infection	2015	1943
Clostridium difficile infection	2016	1871
Clostridium difficile infection	2017	1763
Clostridium difficile infection	2018	4106
Clostridium difficile infection	2019	4582
Clostridium difficile infection	2020	3453
Clostridium difficile infection	2021	3527
Clostridium difficile infection	2022	4429
Clostridium difficile infection	2023	2255
Clostridium perfringens (type A) food-borne disease	2004	5
Clostridium perfringens (type A) food-borne disease	2005	1
Clostridium perfringens (type A) food-borne disease	2006	0
Clostridium perfringens (type A) food-borne disease	2007	0
Clostridium perfringens (type A) food-borne disease	2008	1
Clostridium perfringens (type A) food-borne disease	2009	1
Clostridium perfringens (type A) food-borne disease	2010	0
Clostridium perfringens (type A) food-borne disease	2011	0
Clostridium perfringens (type A) food-borne disease	2012	0
Clostridium perfringens (type A) food-borne disease	2013	1
Clostridium perfringens (type A) food-borne disease	2014	0
Clostridium perfringens (type A) food-borne disease	2015	1
Clostridium perfringens (type A) food-borne disease	2016	0
Clostridium perfringens (type A) food-borne disease	2017	1
Clostridium perfringens (type A) food-borne disease	2018	0
Clostridium perfringens (type A) food-borne disease	2019	2
Clostridium perfringens (type A) food-borne disease	2020	6
Clostridium perfringens (type A) food-borne disease	2021	0
Clostridium perfringens (type A) food-borne disease	2022	6
Clostridium perfringens (type A) food-borne disease	2023	1
Creutzfeldt Jakob Disease	1982	NA
Creutzfeldt Jakob Disease	1983	NA
Creutzfeldt Jakob Disease	1984	NA
Creutzfeldt Jakob Disease	1985	NA
Creutzfeldt Jakob Disease	1986	NA
Creutzfeldt Jakob Disease	1987	NA
Creutzfeldt Jakob Disease	1988	NA
Creutzfeldt Jakob Disease	1989	NA
Creutzfeldt Jakob Disease	1990	NA
Creutzfeldt Jakob Disease	1991	NA
Creutzfeldt Jakob Disease	1992	NA
Creutzfeldt Jakob Disease	1993	NA
Creutzfeldt Jakob Disease	1994	NA
Creutzfeldt Jakob Disease	1995	NA
Creutzfeldt Jakob Disease	1996	NA
Creutzfeldt Jakob Disease	1997	3
Creutzfeldt Jakob Disease	1998	6
Creutzfeldt Jakob Disease	1999	2
Creutzfeldt Jakob Disease	2000	2
Creutzfeldt Jakob Disease	2001	6
Creutzfeldt Jakob Disease	2002	5
Creutzfeldt Jakob Disease	2004	4
Creutzfeldt Jakob Disease	2005	4
Creutzfeldt Jakob Disease	2006	6
Creutzfeldt Jakob Disease	2007	3
Creutzfeldt Jakob Disease	2008	2
Creutzfeldt Jakob Disease	2009	5
Creutzfeldt Jakob Disease	2010	3
Creutzfeldt Jakob Disease	2011	7
Creutzfeldt Jakob Disease	2012	5
Creutzfeldt Jakob Disease	2013	5
Creutzfeldt Jakob Disease	2014	2
Creutzfeldt Jakob Disease	2015	5
Creutzfeldt Jakob Disease	2016	5
Creutzfeldt Jakob Disease	2017	9
Creutzfeldt Jakob Disease	2018	18
Creutzfeldt Jakob Disease	2019	10
Creutzfeldt Jakob Disease	2020	12
Creutzfeldt Jakob Disease	2021	20
Creutzfeldt Jakob Disease	2022	12
Creutzfeldt Jakob Disease	2023	19
Creutzfeldt Jakob disease (variant)	2004	0
Creutzfeldt Jakob disease (variant)	2005	2
Creutzfeldt Jakob disease (variant)	2006	1
Creutzfeldt Jakob disease (variant)	2007	0
Creutzfeldt Jakob disease (variant)	2008	0
Creutzfeldt Jakob disease (variant)	2009	0
Creutzfeldt Jakob disease (variant)	2010	0
Creutzfeldt Jakob disease (variant)	2011	0
Creutzfeldt Jakob disease (variant)	2012	0
Creutzfeldt Jakob disease (variant)	2013	0
Creutzfeldt Jakob disease (variant)	2014	0
Creutzfeldt Jakob disease (variant)	2015	0
Creutzfeldt Jakob disease (variant)	2016	0
Creutzfeldt Jakob disease (variant)	2017	0
Creutzfeldt Jakob disease (variant)	2018	0
Creutzfeldt Jakob disease (variant)	2019	0
Creutzfeldt Jakob disease (variant)	2020	0
Creutzfeldt Jakob disease (variant)	2021	0
Creutzfeldt Jakob disease (variant)	2022	0
Creutzfeldt Jakob disease (variant)	2023	0
Cryptosporidiosis	2004	425
Cryptosporidiosis	2005	568
Cryptosporidiosis	2006	369
Cryptosporidiosis	2007	608
Cryptosporidiosis	2008	415
Cryptosporidiosis	2009	445
Cryptosporidiosis	2010	294
Cryptosporidiosis	2011	428
Cryptosporidiosis	2012	556
Cryptosporidiosis	2013	514
Cryptosporidiosis	2014	394
Cryptosporidiosis	2015	439
Cryptosporidiosis	2016	561
Cryptosporidiosis	2017	589
Cryptosporidiosis	2018	1258
Cryptosporidiosis	2019	1210
Cryptosporidiosis	2020	1024
Cryptosporidiosis	2021	1690
Cryptosporidiosis	2022	1132
Cryptosporidiosis	2023	870
Cytomegalovirus infection (congenital)	2004	NA
Cytomegalovirus infection (congenital)	2005	NA
Cytomegalovirus infection (congenital)	2006	NA
Cytomegalovirus infection (congenital)	2007	NA
Cytomegalovirus infection (congenital)	2008	NA
Cytomegalovirus infection (congenital)	2009	NA
Cytomegalovirus infection (congenital)	2010	NA
Cytomegalovirus infection (congenital)	2011	NA
Cytomegalovirus infection (congenital)	2012	8
Cytomegalovirus infection (congenital)	2013	7
Cytomegalovirus infection (congenital)	2014	12
Cytomegalovirus infection (congenital)	2015	15
Cytomegalovirus infection (congenital)	2016	20
Cytomegalovirus infection (congenital)	2017	10
Cytomegalovirus infection (congenital)	2018	34
Cytomegalovirus infection (congenital)	2019	24
Cytomegalovirus infection (congenital)	2020	46
Cytomegalovirus infection (congenital)	2021	34
Cytomegalovirus infection (congenital)	2022	48
Cytomegalovirus infection (congenital)	2023	17
Dengue fever	2004	NA
Dengue fever	2005	NA
Dengue fever	2006	NA
Dengue fever	2007	NA
Dengue fever	2008	NA
Dengue fever	2009	NA
Dengue fever	2010	NA
Dengue fever	2011	NA
Dengue fever	2012	7
Dengue fever	2013	15
Dengue fever	2014	21
Dengue fever	2015	8
Dengue fever	2016	18
Dengue fever	2017	10
Dengue fever	2018	34
Dengue fever	2019	36
Dengue fever	2020	6
Dengue fever	2021	4
Dengue fever	2022	18
Dengue fever	2023	20
Diphtheria	1982	0
Diphtheria	1983	0
Diphtheria	1984	0
Diphtheria	1985	0
Diphtheria	1986	0
Diphtheria	1987	0
Diphtheria	1988	0
Diphtheria	1989	0
Diphtheria	1990	0
Diphtheria	1991	0
Diphtheria	1992	0
Diphtheria	1993	0
Diphtheria	1994	0
Diphtheria	1995	0
Diphtheria	1996	0
Diphtheria	1997	0
Diphtheria	1998	0
Diphtheria	1999	0
Diphtheria	2000	0
Diphtheria	2001	0
Diphtheria	2002	0
Diphtheria	2004	0
Diphtheria	2005	0
Diphtheria	2006	0
Diphtheria	2007	0
Diphtheria	2008	0
Diphtheria	2009	0
Diphtheria	2010	0
Diphtheria	2011	0
Diphtheria	2012	0
Diphtheria	2013	0
Diphtheria	2014	0
Diphtheria	2015	1
Diphtheria	2016	1
Diphtheria	2017	0
Diphtheria	2018	0
Diphtheria	2019	0
Diphtheria	2020	0
Diphtheria	2021	0
Diphtheria	2022	0
Diphtheria	2023	0
Echinococcosis	2004	0
Echinococcosis	2005	0
Echinococcosis	2006	0
Echinococcosis	2007	0
Echinococcosis	2008	2
Echinococcosis	2009	1
Echinococcosis	2010	1
Echinococcosis	2011	0
Echinococcosis	2012	0
Echinococcosis	2013	1
Echinococcosis	2014	0
Echinococcosis	2015	0
Echinococcosis	2016	2
Echinococcosis	2017	0
Echinococcosis	2018	4
Echinococcosis	2019	0
Echinococcosis	2020	0
Echinococcosis	2021	2
Echinococcosis	2022	2
Echinococcosis	2023	0
Food Poisoning (bacterial other than salmonella)	1982	68
Food Poisoning (bacterial other than salmonella)	1983	83
Food Poisoning (bacterial other than salmonella)	1984	164
Food Poisoning (bacterial other than salmonella)	1985	98
Food Poisoning (bacterial other than salmonella)	1986	195
Food Poisoning (bacterial other than salmonella)	1987	88
Food Poisoning (bacterial other than salmonella)	1988	43
Food Poisoning (bacterial other than salmonella)	1989	64
Food Poisoning (bacterial other than salmonella)	1990	157
Food Poisoning (bacterial other than salmonella)	1991	83
Food Poisoning (bacterial other than salmonella)	1992	46
Food Poisoning (bacterial other than salmonella)	1993	97
Food Poisoning (bacterial other than salmonella)	1994	62
Food Poisoning (bacterial other than salmonella)	1995	100
Food Poisoning (bacterial other than salmonella)	1996	276
Food Poisoning (bacterial other than salmonella)	1997	448
Food Poisoning (bacterial other than salmonella)	1998	1235
Food Poisoning (bacterial other than salmonella)	1999	1673
Food Poisoning (bacterial other than salmonella)	2000	1554
Food Poisoning (bacterial other than salmonella)	2001	1219
Food Poisoning (bacterial other than salmonella)	2002	1394
Gastroenteritis (when contracted by children under 2 years)	1982	2404
Gastroenteritis (when contracted by children under 2 years)	1983	2987
Gastroenteritis (when contracted by children under 2 years)	1984	3242
Gastroenteritis (when contracted by children under 2 years)	1985	3317
Gastroenteritis (when contracted by children under 2 years)	1986	3815
Gastroenteritis (when contracted by children under 2 years)	1987	3900
Gastroenteritis (when contracted by children under 2 years)	1988	3241
Gastroenteritis (when contracted by children under 2 years)	1989	3410
Gastroenteritis (when contracted by children under 2 years)	1990	3758
Gastroenteritis (when contracted by children under 2 years)	1991	4132
Gastroenteritis (when contracted by children under 2 years)	1992	3410
Gastroenteritis (when contracted by children under 2 years)	1993	3832
Gastroenteritis (when contracted by children under 2 years)	1994	3043
Gastroenteritis (when contracted by children under 2 years)	1995	3234
Gastroenteritis (when contracted by children under 2 years)	1996	2997
Gastroenteritis (when contracted by children under 2 years)	1997	2968
Gastroenteritis (when contracted by children under 2 years)	1998	3483
Gastroenteritis (when contracted by children under 2 years)	1999	2917
Gastroenteritis (when contracted by children under 2 years)	2000	2796
Gastroenteritis (when contracted by children under 2 years)	2001	2057
Gastroenteritis (when contracted by children under 2 years)	2002	1747
Giardiasis	2004	52
Giardiasis	2005	57
Giardiasis	2006	64
Giardiasis	2007	62
Giardiasis	2008	71
Giardiasis	2009	61
Giardiasis	2010	57
Giardiasis	2011	57
Giardiasis	2012	54
Giardiasis	2013	44
Giardiasis	2014	71
Giardiasis	2015	145
Giardiasis	2016	202
Giardiasis	2017	240
Giardiasis	2018	540
Giardiasis	2019	504
Giardiasis	2020	326
Giardiasis	2021	320
Giardiasis	2022	522
Giardiasis	2023	324
Gonorrhoea	2004	NA
Gonorrhoea	2005	NA
Gonorrhoea	2006	NA
Gonorrhoea	2007	NA
Gonorrhoea	2008	NA
Gonorrhoea	2009	NA
Gonorrhoea	2010	NA
Gonorrhoea	2011	NA
Gonorrhoea	2012	NA
Gonorrhoea	2013	1286
Gonorrhoea	2014	1319
Gonorrhoea	2015	1293
Gonorrhoea	2016	1954
Gonorrhoea	2017	2249
Gonorrhoea	2018	4804
Gonorrhoea	2019	5604
Gonorrhoea	2020	4126
Gonorrhoea	2021	4191
Gonorrhoea	2022	8136
Gonorrhoea	2023	6804
Granuloma inguinale	2004	NA
Granuloma inguinale	2005	NA
Granuloma inguinale	2006	NA
Granuloma inguinale	2007	NA
Granuloma inguinale	2008	NA
Granuloma inguinale	2009	NA
Granuloma inguinale	2010	NA
Granuloma inguinale	2011	NA
Granuloma inguinale	2012	NA
Granuloma inguinale	2013	0
Granuloma inguinale	2014	0
Granuloma inguinale	2015	0
Granuloma inguinale	2016	0
Granuloma inguinale	2017	0
Granuloma inguinale	2018	0
Granuloma inguinale	2019	0
Granuloma inguinale	2020	0
Granuloma inguinale	2021	0
Granuloma inguinale	2022	0
Granuloma inguinale	2023	0
Haemophilus influenzae disease (invasive)	2004	38
Haemophilus influenzae disease (invasive)	2005	34
Haemophilus influenzae disease (invasive)	2006	38
Haemophilus influenzae disease (invasive)	2007	31
Haemophilus influenzae disease (invasive)	2008	22
Haemophilus influenzae disease (invasive)	2009	43
Haemophilus influenzae disease (invasive)	2010	28
Haemophilus influenzae disease (invasive)	2011	44
Haemophilus influenzae disease (invasive)	2012	41
Haemophilus influenzae disease (invasive)	2013	41
Haemophilus influenzae disease (invasive)	2014	61
Haemophilus influenzae disease (invasive)	2015	52
Haemophilus influenzae disease (invasive)	2016	58
Haemophilus influenzae disease (invasive)	2017	45
Haemophilus influenzae disease (invasive)	2018	116
Haemophilus influenzae disease (invasive)	2019	126
Haemophilus influenzae disease (invasive)	2020	62
Haemophilus influenzae disease (invasive)	2021	36
Haemophilus influenzae disease (invasive)	2022	138
Haemophilus influenzae disease (invasive)	2023	73
Hepatitis A (acute)	2004	47
Hepatitis A (acute)	2005	55
Hepatitis A (acute)	2006	39
Hepatitis A (acute)	2007	32
Hepatitis A (acute)	2008	42
Hepatitis A (acute)	2009	50
Hepatitis A (acute)	2010	46
Hepatitis A (acute)	2011	19
Hepatitis A (acute)	2012	29
Hepatitis A (acute)	2013	50
Hepatitis A (acute)	2014	21
Hepatitis A (acute)	2015	36
Hepatitis A (acute)	2016	38
Hepatitis A (acute)	2017	66
Hepatitis A (acute)	2018	70
Hepatitis A (acute)	2019	104
Hepatitis A (acute)	2020	74
Hepatitis A (acute)	2021	164
Hepatitis A (acute)	2022	132
Hepatitis A (acute)	2023	46
Hepatitis B (acute and chronic)	1982	26
Hepatitis B (acute and chronic)	1983	54
Hepatitis B (acute and chronic)	1984	33
Hepatitis B (acute and chronic)	1985	57
Hepatitis B (acute and chronic)	1986	55
Hepatitis B (acute and chronic)	1987	63
Hepatitis B (acute and chronic)	1988	32
Hepatitis B (acute and chronic)	1989	20
Hepatitis B (acute and chronic)	1990	11
Hepatitis B (acute and chronic)	1991	15
Hepatitis B (acute and chronic)	1992	13
Hepatitis B (acute and chronic)	1993	11
Hepatitis B (acute and chronic)	1994	20
Hepatitis B (acute and chronic)	1995	11
Hepatitis B (acute and chronic)	1996	11
Hepatitis B (acute and chronic)	1997	31
Hepatitis B (acute and chronic)	1998	155
Hepatitis B (acute and chronic)	1999	160
Hepatitis B (acute and chronic)	2000	187
Hepatitis B (acute and chronic)	2001	342
Hepatitis B (acute and chronic)	2002	458
Hepatitis B (acute and chronic)	2004	702
Hepatitis B (acute and chronic)	2005	849
Hepatitis B (acute and chronic)	2006	787
Hepatitis B (acute and chronic)	2007	846
Hepatitis B (acute and chronic)	2008	901
Hepatitis B (acute and chronic)	2009	785
Hepatitis B (acute and chronic)	2010	639
Hepatitis B (acute and chronic)	2011	520
Hepatitis B (acute and chronic)	2012	563
Hepatitis B (acute and chronic)	2013	425
Hepatitis B (acute and chronic)	2014	445
Hepatitis B (acute and chronic)	2015	546
Hepatitis B (acute and chronic)	2016	486
Hepatitis B (acute and chronic)	2017	523
Hepatitis B (acute and chronic)	2018	990
Hepatitis B (acute and chronic)	2019	1049
Hepatitis B (acute and chronic)	2020	675
Hepatitis B (acute and chronic)	2021	848
Hepatitis B (acute and chronic)	2022	1026
Hepatitis B (acute and chronic)	2023	587
Hepatitis C	2004	1119
Hepatitis C	2005	1400
Hepatitis C	2006	1209
Hepatitis C	2007	1539
Hepatitis C	2008	1505
Hepatitis C	2009	1235
Hepatitis C	2010	1218
Hepatitis C	2011	1239
Hepatitis C	2012	885
Hepatitis C	2013	761
Hepatitis C	2014	710
Hepatitis C	2015	669
Hepatitis C	2016	636
Hepatitis C	2017	607
Hepatitis C	2018	1166
Hepatitis C	2019	942
Hepatitis C	2020	633
Hepatitis C	2021	828
Hepatitis C	2022	963
Hepatitis C	2023	535
Hepatitis E	2015	3
Hepatitis E	2016	90
Hepatitis E	2017	54
Hepatitis E	2018	148
Hepatitis E	2019	146
Hepatitis E	2020	152
Hepatitis E	2021	116
Hepatitis E	2022	78
Hepatitis E	2023	46
Herpes simplex (genital)	2004	NA
Herpes simplex (genital)	2005	NA
Herpes simplex (genital)	2006	NA
Herpes simplex (genital)	2007	NA
Herpes simplex (genital)	2008	NA
Herpes simplex (genital)	2009	NA
Herpes simplex (genital)	2010	NA
Herpes simplex (genital)	2011	NA
Herpes simplex (genital)	2012	NA
Herpes simplex (genital)	2013	1127
Herpes simplex (genital)	2014	1235
Herpes simplex (genital)	2015	1274
Herpes simplex (genital)	2016	1367
Herpes simplex (genital)	2017	1552
Herpes simplex (genital)	2018	3181
Herpes simplex (genital)	2019	3380
Herpes simplex (genital)	2020	2266
Herpes simplex (genital)	2021	2610
Herpes simplex (genital)	2022	3232
Herpes simplex (genital)	2023	1686
Herpes simplex (neonatal)	2015	0
Herpes simplex (neonatal)	2016	0
Herpes simplex (neonatal)	2017	0
Herpes simplex (neonatal)	2018	0
Herpes simplex (neonatal)	2019	6
Herpes simplex (neonatal)	2020	8
Herpes simplex (neonatal)	2021	8
Herpes simplex (neonatal)	2022	2
Herpes simplex (neonatal)	2023	1
Human immunodeficiency virus infection	2004	NA
Human immunodeficiency virus infection	2005	NA
Human immunodeficiency virus infection	2006	NA
Human immunodeficiency virus infection	2007	NA
Human immunodeficiency virus infection	2008	NA
Human immunodeficiency virus infection	2009	NA
Human immunodeficiency virus infection	2010	NA
Human immunodeficiency virus infection	2011	NA
Human immunodeficiency virus infection	2012	339
Human immunodeficiency virus infection	2013	341
Human immunodeficiency virus infection	2014	377
Human immunodeficiency virus infection	2015	482
Human immunodeficiency virus infection	2016	502
Human immunodeficiency virus infection	2017	488
Human immunodeficiency virus infection	2018	1044
Human immunodeficiency virus infection	2019	1056
Human immunodeficiency virus infection	2020	876
Human immunodeficiency virus infection	2021	796
Human immunodeficiency virus infection	2022	1768
Human immunodeficiency virus infection	2023	911
Infectious Mononucleosis	1982	55
Infectious Mononucleosis	1983	196
Infectious Mononucleosis	1984	233
Infectious Mononucleosis	1985	214
Infectious Mononucleosis	1986	145
Infectious Mononucleosis	1987	186
Infectious Mononucleosis	1988	286
Infectious Mononucleosis	1989	211
Infectious Mononucleosis	1990	208
Infectious Mononucleosis	1991	188
Infectious Mononucleosis	1992	208
Infectious Mononucleosis	1993	206
Infectious Mononucleosis	1994	183
Infectious Mononucleosis	1995	156
Infectious Mononucleosis	1996	216
Infectious Mononucleosis	1997	212
Infectious Mononucleosis	1998	217
Infectious Mononucleosis	1999	198
Infectious Mononucleosis	2000	151
Infectious Mononucleosis	2001	150
Infectious Mononucleosis	2002	173
Infectious Parotitis (Mumps)	1982	NA
Infectious Parotitis (Mumps)	1983	NA
Infectious Parotitis (Mumps)	1984	NA
Infectious Parotitis (Mumps)	1985	NA
Infectious Parotitis (Mumps)	1986	NA
Infectious Parotitis (Mumps)	1987	NA
Infectious Parotitis (Mumps)	1988	271
Infectious Parotitis (Mumps)	1989	709
Infectious Parotitis (Mumps)	1990	48
Infectious Parotitis (Mumps)	1991	53
Infectious Parotitis (Mumps)	1992	43
Infectious Parotitis (Mumps)	1993	44
Infectious Parotitis (Mumps)	1994	33
Infectious Parotitis (Mumps)	1995	27
Infectious Parotitis (Mumps)	1996	422
Infectious Parotitis (Mumps)	1997	285
Infectious Parotitis (Mumps)	1998	57
Infectious Parotitis (Mumps)	1999	38
Infectious Parotitis (Mumps)	2000	52
Infectious Parotitis (Mumps)	2001	40
Infectious Parotitis (Mumps)	2002	32
Influenza	1982	6
Influenza	1983	76
Influenza	1984	93
Influenza	1985	37
Influenza	1986	153
Influenza	1987	53
Influenza	1988	73
Influenza	1989	42
Influenza	1990	94
Influenza	1991	139
Influenza	1992	48
Influenza	1993	55
Influenza	1994	6
Influenza	1995	31
Influenza	1996	54
Influenza	1997	29
Influenza	1998	4
Influenza	1999	15
Influenza	2000	20
Influenza	2001	2
Influenza	2002	2
Influenza	2004	79
Influenza	2005	316
Influenza	2006	274
Influenza	2007	279
Influenza	2008	473
Influenza	2009	5055
Influenza	2010	275
Influenza	2011	2077
Influenza	2012	743
Influenza	2013	1602
Influenza	2014	1757
Influenza	2015	2679
Influenza	2016	4764
Influenza	2017	3369
Influenza	2018	23410
Influenza	2019	22512
Influenza	2020	15551
Influenza	2021	78
Influenza	2022	20851
Influenza	2023	11823
Legionellosis	2004	4
Legionellosis	2005	9
Legionellosis	2006	13
Legionellosis	2007	15
Legionellosis	2008	48
Legionellosis	2009	9
Legionellosis	2010	11
Legionellosis	2011	7
Legionellosis	2012	15
Legionellosis	2013	14
Legionellosis	2014	8
Legionellosis	2015	12
Legionellosis	2016	10
Legionellosis	2017	25
Legionellosis	2018	52
Legionellosis	2019	48
Legionellosis	2020	28
Legionellosis	2021	14
Legionellosis	2022	52
Legionellosis	2023	34
Legionnaires’ Disease	1982	2
Legionnaires’ Disease	1983	2
Legionnaires’ Disease	1984	1
Legionnaires’ Disease	1985	0
Legionnaires’ Disease	1986	0
Legionnaires’ Disease	1987	0
Legionnaires’ Disease	1988	4
Legionnaires’ Disease	1989	2
Legionnaires’ Disease	1990	1
Legionnaires’ Disease	1991	0
Legionnaires’ Disease	1992	2
Legionnaires’ Disease	1993	0
Legionnaires’ Disease	1994	1
Legionnaires’ Disease	1995	1
Legionnaires’ Disease	1996	2
Legionnaires’ Disease	1997	6
Legionnaires’ Disease	1998	2
Legionnaires’ Disease	1999	2
Legionnaires’ Disease	2000	9
Legionnaires’ Disease	2001	3
Legionnaires’ Disease	2002	6
Leprosy	2004	NA
Leprosy	2005	NA
Leprosy	2006	NA
Leprosy	2007	NA
Leprosy	2008	NA
Leprosy	2009	NA
Leprosy	2010	NA
Leprosy	2011	NA
Leprosy	2012	0
Leprosy	2013	2
Leprosy	2014	0
Leprosy	2015	0
Leprosy	2016	1
Leprosy	2017	0
Leprosy	2018	0
Leprosy	2019	0
Leprosy	2020	2
Leprosy	2021	2
Leprosy	2022	2
Leprosy	2023	0
Leptospirosis	1982	4
Leptospirosis	1983	14
Leptospirosis	1984	8
Leptospirosis	1985	5
Leptospirosis	1986	4
Leptospirosis	1987	6
Leptospirosis	1988	3
Leptospirosis	1989	5
Leptospirosis	1990	5
Leptospirosis	1991	4
Leptospirosis	1992	9
Leptospirosis	1993	5
Leptospirosis	1994	2
Leptospirosis	1995	1
Leptospirosis	1996	6
Leptospirosis	1997	8
Leptospirosis	1998	12
Leptospirosis	1999	6
Leptospirosis	2000	7
Leptospirosis	2001	9
Leptospirosis	2002	8
Leptospirosis	2004	14
Leptospirosis	2005	15
Leptospirosis	2006	20
Leptospirosis	2007	22
Leptospirosis	2008	29
Leptospirosis	2009	24
Leptospirosis	2010	17
Leptospirosis	2011	16
Leptospirosis	2012	15
Leptospirosis	2013	14
Leptospirosis	2014	23
Leptospirosis	2015	16
Leptospirosis	2016	26
Leptospirosis	2017	20
Leptospirosis	2018	38
Leptospirosis	2019	50
Leptospirosis	2020	52
Leptospirosis	2021	32
Leptospirosis	2022	26
Leptospirosis	2023	44
Listeriosis	2004	11
Listeriosis	2005	12
Listeriosis	2006	7
Listeriosis	2007	21
Listeriosis	2008	13
Listeriosis	2009	10
Listeriosis	2010	10
Listeriosis	2011	7
Listeriosis	2012	11
Listeriosis	2013	8
Listeriosis	2014	15
Listeriosis	2015	19
Listeriosis	2016	13
Listeriosis	2017	14
Listeriosis	2018	44
Listeriosis	2019	36
Listeriosis	2020	12
Listeriosis	2021	30
Listeriosis	2022	36
Listeriosis	2023	18
Lyme disease	2004	NA
Lyme disease	2005	NA
Lyme disease	2006	NA
Lyme disease	2007	NA
Lyme disease	2008	NA
Lyme disease	2009	NA
Lyme disease	2010	NA
Lyme disease	2011	NA
Lyme disease	2012	8
Lyme disease	2013	13
Lyme disease	2014	18
Lyme disease	2015	11
Lyme disease	2016	21
Lyme disease	2017	12
Lyme disease	2018	26
Lyme disease	2019	12
Lyme disease	2020	26
Lyme disease	2021	8
Lyme disease	2022	8
Lyme disease	2023	6
Lymphogranuloma venereum	2004	NA
Lymphogranuloma venereum	2005	NA
Lymphogranuloma venereum	2006	NA
Lymphogranuloma venereum	2007	NA
Lymphogranuloma venereum	2008	NA
Lymphogranuloma venereum	2009	NA
Lymphogranuloma venereum	2010	NA
Lymphogranuloma venereum	2011	NA
Lymphogranuloma venereum	2012	NA
Lymphogranuloma venereum	2013	5
Lymphogranuloma venereum	2014	35
Lymphogranuloma venereum	2015	20
Lymphogranuloma venereum	2016	48
Lymphogranuloma venereum	2017	20
Lymphogranuloma venereum	2018	56
Lymphogranuloma venereum	2019	79
Lymphogranuloma venereum	2020	26
Lymphogranuloma venereum	2021	30
Lymphogranuloma venereum	2022	48
Lymphogranuloma venereum	2023	37
Malaria	1982	33
Malaria	1983	17
Malaria	1984	12
Malaria	1985	32
Malaria	1986	41
Malaria	1987	28
Malaria	1988	30
Malaria	1989	23
Malaria	1990	12
Malaria	1991	11
Malaria	1992	15
Malaria	1993	9
Malaria	1994	12
Malaria	1995	9
Malaria	1996	14
Malaria	1997	8
Malaria	1998	17
Malaria	1999	17
Malaria	2000	19
Malaria	2001	11
Malaria	2002	20
Malaria	2004	27
Malaria	2005	44
Malaria	2006	96
Malaria	2007	71
Malaria	2008	82
Malaria	2009	90
Malaria	2010	82
Malaria	2011	61
Malaria	2012	65
Malaria	2013	71
Malaria	2014	80
Malaria	2015	81
Malaria	2016	88
Malaria	2017	77
Malaria	2018	118
Malaria	2019	162
Malaria	2020	30
Malaria	2021	78
Malaria	2022	106
Malaria	2023	89
Measles	1982	1897
Measles	1983	6180
Measles	1984	5725
Measles	1985	9903
Measles	1986	451
Measles	1987	201
Measles	1988	936
Measles	1989	1248
Measles	1990	556
Measles	1991	135
Measles	1992	179
Measles	1993	4328
Measles	1994	1233
Measles	1995	235
Measles	1996	228
Measles	1997	185
Measles	1998	204
Measles	1999	147
Measles	2000	1603
Measles	2001	241
Measles	2002	243
Measles	2004	330
Measles	2005	93
Measles	2006	83
Measles	2007	53
Measles	2008	55
Measles	2009	162
Measles	2010	403
Measles	2011	267
Measles	2012	103
Measles	2013	53
Measles	2014	33
Measles	2015	2
Measles	2016	43
Measles	2017	25
Measles	2018	152
Measles	2019	128
Measles	2020	10
Measles	2021	0
Measles	2022	4
Measles	2023	4
Meningococcal disease	2004	198
Meningococcal disease	2005	203
Meningococcal disease	2006	209
Meningococcal disease	2007	179
Meningococcal disease	2008	168
Meningococcal disease	2009	147
Meningococcal disease	2010	114
Meningococcal disease	2011	94
Meningococcal disease	2012	66
Meningococcal disease	2013	81
Meningococcal disease	2014	82
Meningococcal disease	2015	74
Meningococcal disease	2016	87
Meningococcal disease	2017	76
Meningococcal disease	2018	178
Meningococcal disease	2019	142
Meningococcal disease	2020	44
Meningococcal disease	2021	20
Meningococcal disease	2022	62
Meningococcal disease	2023	42
Mpox infection	2018	0
Mpox infection	2019	0
Mpox infection	2020	0
Mpox infection	2021	0
Mpox infection	2022	458
Mpox infection	2023	15
Mumps	2004	418
Mumps	2005	1070
Mumps	2006	426
Mumps	2007	142
Mumps	2008	1380
Mumps	2009	3619
Mumps	2010	292
Mumps	2011	165
Mumps	2012	163
Mumps	2013	223
Mumps	2014	742
Mumps	2015	2012
Mumps	2016	491
Mumps	2017	291
Mumps	2018	1146
Mumps	2019	5522
Mumps	2020	5838
Mumps	2021	218
Mumps	2022	189
Mumps	2023	133
Noroviral infection	2004	1116
Noroviral infection	2005	1043
Noroviral infection	2006	1633
Noroviral infection	2007	1310
Noroviral infection	2008	1768
Noroviral infection	2009	1633
Noroviral infection	2010	1926
Noroviral infection	2011	990
Noroviral infection	2012	1704
Noroviral infection	2013	1486
Noroviral infection	2014	808
Noroviral infection	2015	1262
Noroviral infection	2016	1829
Noroviral infection	2017	1328
Noroviral infection	2018	2492
Noroviral infection	2019	2725
Noroviral infection	2020	1088
Noroviral infection	2021	876
Noroviral infection	2022	1980
Noroviral infection	2023	1363
Ornithosis	1982	0
Ornithosis	1983	0
Ornithosis	1984	2
Ornithosis	1985	0
Ornithosis	1986	0
Ornithosis	1987	0
Ornithosis	1988	0
Ornithosis	1989	0
Ornithosis	1990	1
Ornithosis	1991	0
Ornithosis	1992	0
Ornithosis	1993	0
Ornithosis	1994	0
Ornithosis	1995	0
Ornithosis	1996	0
Ornithosis	1997	0
Ornithosis	1998	0
Ornithosis	1999	1
Ornithosis	2000	0
Ornithosis	2001	3
Ornithosis	2002	0
Outbreak	2015	0
Outbreak	2016	0
Outbreak	2017	0
Outbreak	2018	0
Outbreak	2019	0
Outbreak	2020	0
Outbreak	2021	0
Outbreak	2022	0
Outbreak	2023	0
Paratyphoid	2004	4
Paratyphoid	2005	0
Paratyphoid	2006	1
Paratyphoid	2007	4
Paratyphoid	2008	8
Paratyphoid	2009	10
Paratyphoid	2010	5
Paratyphoid	2011	2
Paratyphoid	2012	5
Paratyphoid	2013	2
Paratyphoid	2014	5
Paratyphoid	2015	1
Paratyphoid	2016	7
Paratyphoid	2017	6
Paratyphoid	2018	10
Paratyphoid	2019	2
Paratyphoid	2020	2
Paratyphoid	2021	0
Paratyphoid	2022	15
Paratyphoid	2023	12
Pertussis	1982	1073
Pertussis	1983	1728
Pertussis	1984	3061
Pertussis	1985	3689
Pertussis	1986	1482
Pertussis	1987	1717
Pertussis	1988	1170
Pertussis	1989	2217
Pertussis	1990	803
Pertussis	1991	843
Pertussis	1992	860
Pertussis	1993	869
Pertussis	1994	353
Pertussis	1995	436
Pertussis	1996	261
Pertussis	1997	459
Pertussis	1998	252
Pertussis	1999	179
Pertussis	2000	152
Pertussis	2001	142
Pertussis	2002	131
Pertussis	2004	92
Pertussis	2005	83
Pertussis	2006	62
Pertussis	2007	77
Pertussis	2008	104
Pertussis	2009	78
Pertussis	2010	114
Pertussis	2011	229
Pertussis	2012	458
Pertussis	2013	173
Pertussis	2014	73
Pertussis	2015	117
Pertussis	2016	213
Pertussis	2017	263
Pertussis	2018	234
Pertussis	2019	330
Pertussis	2020	132
Pertussis	2021	10
Pertussis	2022	14
Pertussis	2023	18
Plague	1982	0
Plague	1983	0
Plague	1984	0
Plague	1985	0
Plague	1986	0
Plague	1987	0
Plague	1988	0
Plague	1989	0
Plague	1990	0
Plague	1991	0
Plague	1992	0
Plague	1993	0
Plague	1994	0
Plague	1995	0
Plague	1996	0
Plague	1997	0
Plague	1998	0
Plague	1999	0
Plague	2000	0
Plague	2001	0
Plague	2002	0
Plague	2004	0
Plague	2005	0
Plague	2006	0
Plague	2007	0
Plague	2008	0
Plague	2009	0
Plague	2010	0
Plague	2011	0
Plague	2012	0
Plague	2013	0
Plague	2014	0
Plague	2015	0
Plague	2016	0
Plague	2017	0
Plague	2018	0
Plague	2019	0
Plague	2020	0
Plague	2021	0
Plague	2022	0
Plague	2023	0
Q fever	2004	7
Q fever	2005	10
Q fever	2006	12
Q fever	2007	17
Q fever	2008	13
Q fever	2009	17
Q fever	2010	9
Q fever	2011	5
Q fever	2012	6
Q fever	2013	0
Q fever	2014	0
Q fever	2015	4
Q fever	2016	6
Q fever	2017	2
Q fever	2018	0
Q fever	2019	4
Q fever	2020	4
Q fever	2021	0
Q fever	2022	0
Q fever	2023	4
Rabies	1982	0
Rabies	1983	0
Rabies	1984	0
Rabies	1985	0
Rabies	1986	0
Rabies	1987	0
Rabies	1988	0
Rabies	1989	0
Rabies	1990	0
Rabies	1991	0
Rabies	1992	0
Rabies	1993	0
Rabies	1994	0
Rabies	1995	0
Rabies	1996	0
Rabies	1997	0
Rabies	1998	0
Rabies	1999	0
Rabies	2000	0
Rabies	2001	0
Rabies	2002	0
Rabies	2004	0
Rabies	2005	0
Rabies	2006	0
Rabies	2007	0
Rabies	2008	0
Rabies	2009	0
Rabies	2010	0
Rabies	2011	0
Rabies	2012	0
Rabies	2013	0
Rabies	2014	0
Rabies	2015	0
Rabies	2016	0
Rabies	2017	0
Rabies	2018	0
Rabies	2019	0
Rabies	2020	0
Rabies	2021	0
Rabies	2022	0
Rabies	2023	0
Respiratory syncytial virus infection	2004	NA
Respiratory syncytial virus infection	2005	NA
Respiratory syncytial virus infection	2006	NA
Respiratory syncytial virus infection	2007	NA
Respiratory syncytial virus infection	2008	NA
Respiratory syncytial virus infection	2009	NA
Respiratory syncytial virus infection	2010	NA
Respiratory syncytial virus infection	2011	NA
Respiratory syncytial virus infection	2012	1972
Respiratory syncytial virus infection	2013	1283
Respiratory syncytial virus infection	2014	2479
Respiratory syncytial virus infection	2015	2200
Respiratory syncytial virus infection	2016	2690
Respiratory syncytial virus infection	2017	2378
Respiratory syncytial virus infection	2018	7190
Respiratory syncytial virus infection	2019	8315
Respiratory syncytial virus infection	2020	3892
Respiratory syncytial virus infection	2021	8751
Respiratory syncytial virus infection	2022	14256
Respiratory syncytial virus infection	2023	7828
Rotavirus infection	2004	1591
Rotavirus infection	2005	2243
Rotavirus infection	2006	2112
Rotavirus infection	2007	2325
Rotavirus infection	2008	2318
Rotavirus infection	2009	2354
Rotavirus infection	2010	2501
Rotavirus infection	2011	2451
Rotavirus infection	2012	2651
Rotavirus infection	2013	2512
Rotavirus infection	2014	2061
Rotavirus infection	2015	4156
Rotavirus infection	2016	2371
Rotavirus infection	2017	2305
Rotavirus infection	2018	1270
Rotavirus infection	2019	1926
Rotavirus infection	2020	316
Rotavirus infection	2021	332
Rotavirus infection	2022	934
Rotavirus infection	2023	560
Rubella	1982	166
Rubella	1983	2395
Rubella	1984	2060
Rubella	1985	668
Rubella	1986	799
Rubella	1987	444
Rubella	1988	1156
Rubella	1989	440
Rubella	1990	258
Rubella	1991	206
Rubella	1992	155
Rubella	1993	179
Rubella	1994	206
Rubella	1995	100
Rubella	1996	602
Rubella	1997	113
Rubella	1998	83
Rubella	1999	62
Rubella	2000	97
Rubella	2001	57
Rubella	2002	33
Rubella	2004	49
Rubella	2005	17
Rubella	2006	14
Rubella	2007	19
Rubella	2008	40
Rubella	2009	19
Rubella	2010	23
Rubella	2011	4
Rubella	2012	9
Rubella	2013	0
Rubella	2014	3
Rubella	2015	2
Rubella	2016	1
Rubella	2017	0
Rubella	2018	0
Rubella	2019	0
Rubella	2020	3
Rubella	2021	0
Rubella	2022	0
Rubella	2023	0
Salmonellosis	2004	415
Salmonellosis	2005	345
Salmonellosis	2006	422
Salmonellosis	2007	456
Salmonellosis	2008	449
Salmonellosis	2009	332
Salmonellosis	2010	356
Salmonellosis	2011	310
Salmonellosis	2012	313
Salmonellosis	2013	324
Salmonellosis	2014	260
Salmonellosis	2015	269
Salmonellosis	2016	302
Salmonellosis	2017	414
Salmonellosis	2018	726
Salmonellosis	2019	710
Salmonellosis	2020	438
Salmonellosis	2021	346
Salmonellosis	2022	684
Salmonellosis	2023	406
Salmonellosis (other than typhoid or paratyphoid)	1982	175
Salmonellosis (other than typhoid or paratyphoid)	1983	205
Salmonellosis (other than typhoid or paratyphoid)	1984	287
Salmonellosis (other than typhoid or paratyphoid)	1985	142
Salmonellosis (other than typhoid or paratyphoid)	1986	265
Salmonellosis (other than typhoid or paratyphoid)	1987	249
Salmonellosis (other than typhoid or paratyphoid)	1988	271
Salmonellosis (other than typhoid or paratyphoid)	1989	427
Salmonellosis (other than typhoid or paratyphoid)	1990	473
Salmonellosis (other than typhoid or paratyphoid)	1991	484
Salmonellosis (other than typhoid or paratyphoid)	1992	270
Salmonellosis (other than typhoid or paratyphoid)	1993	295
Salmonellosis (other than typhoid or paratyphoid)	1994	338
Salmonellosis (other than typhoid or paratyphoid)	1995	571
Salmonellosis (other than typhoid or paratyphoid)	1996	678
Salmonellosis (other than typhoid or paratyphoid)	1997	958
Salmonellosis (other than typhoid or paratyphoid)	1998	1261
Salmonellosis (other than typhoid or paratyphoid)	1999	962
Salmonellosis (other than typhoid or paratyphoid)	2000	640
Salmonellosis (other than typhoid or paratyphoid)	2001	428
Salmonellosis (other than typhoid or paratyphoid)	2002	369
Severe Acute Respiratory Syndrome (SARS)	2004	0
Severe Acute Respiratory Syndrome (SARS)	2005	0
Severe Acute Respiratory Syndrome (SARS)	2006	0
Severe Acute Respiratory Syndrome (SARS)	2007	0
Severe Acute Respiratory Syndrome (SARS)	2008	0
Severe Acute Respiratory Syndrome (SARS)	2009	0
Severe Acute Respiratory Syndrome (SARS)	2010	0
Severe Acute Respiratory Syndrome (SARS)	2011	0
Severe Acute Respiratory Syndrome (SARS)	2012	0
Severe Acute Respiratory Syndrome (SARS)	2013	0
Severe Acute Respiratory Syndrome (SARS)	2014	0
Severe Acute Respiratory Syndrome (SARS)	2015	0
Severe Acute Respiratory Syndrome (SARS)	2016	0
Severe Acute Respiratory Syndrome (SARS)	2017	0
Severe Acute Respiratory Syndrome (SARS)	2018	0
Severe Acute Respiratory Syndrome (SARS)	2019	0
Severe Acute Respiratory Syndrome (SARS)	2020	0
Severe Acute Respiratory Syndrome (SARS)	2021	0
Severe Acute Respiratory Syndrome (SARS)	2022	0
Severe Acute Respiratory Syndrome (SARS)	2023	0
Shigellosis	2004	56
Shigellosis	2005	36
Shigellosis	2006	53
Shigellosis	2007	43
Shigellosis	2008	75
Shigellosis	2009	70
Shigellosis	2010	60
Shigellosis	2011	42
Shigellosis	2012	29
Shigellosis	2013	49
Shigellosis	2014	57
Shigellosis	2015	87
Shigellosis	2016	83
Shigellosis	2017	107
Shigellosis	2018	222
Shigellosis	2019	341
Shigellosis	2020	148
Shigellosis	2021	140
Shigellosis	2022	314
Shigellosis	2023	225
Smallpox	1982	0
Smallpox	1983	0
Smallpox	1984	0
Smallpox	1985	0
Smallpox	1986	0
Smallpox	1987	0
Smallpox	1988	0
Smallpox	1989	0
Smallpox	1990	0
Smallpox	1991	0
Smallpox	1992	0
Smallpox	1993	0
Smallpox	1994	0
Smallpox	1995	0
Smallpox	1996	0
Smallpox	1997	0
Smallpox	1998	0
Smallpox	1999	0
Smallpox	2000	0
Smallpox	2001	0
Smallpox	2002	0
Smallpox	2004	0
Smallpox	2005	0
Smallpox	2006	0
Smallpox	2007	0
Smallpox	2008	0
Smallpox	2009	0
Smallpox	2010	0
Smallpox	2011	0
Smallpox	2012	0
Smallpox	2013	0
Smallpox	2014	0
Smallpox	2015	0
Smallpox	2016	0
Smallpox	2017	0
Smallpox	2018	0
Smallpox	2019	0
Smallpox	2020	0
Smallpox	2021	0
Smallpox	2022	0
Smallpox	2023	0
Staphylococcal food poisoning	2004	3
Staphylococcal food poisoning	2005	6
Staphylococcal food poisoning	2006	0
Staphylococcal food poisoning	2007	0
Staphylococcal food poisoning	2008	1
Staphylococcal food poisoning	2009	1
Staphylococcal food poisoning	2010	0
Staphylococcal food poisoning	2011	0
Staphylococcal food poisoning	2012	0
Staphylococcal food poisoning	2013	0
Staphylococcal food poisoning	2014	0
Staphylococcal food poisoning	2015	0
Staphylococcal food poisoning	2016	0
Staphylococcal food poisoning	2017	3
Staphylococcal food poisoning	2018	0
Staphylococcal food poisoning	2019	0
Staphylococcal food poisoning	2020	0
Staphylococcal food poisoning	2021	0
Staphylococcal food poisoning	2022	0
Staphylococcal food poisoning	2023	0
Streptococcus group A infection (invasive)	2004	35
Streptococcus group A infection (invasive)	2005	49
Streptococcus group A infection (invasive)	2006	61
Streptococcus group A infection (invasive)	2007	57
Streptococcus group A infection (invasive)	2008	70
Streptococcus group A infection (invasive)	2009	60
Streptococcus group A infection (invasive)	2010	68
Streptococcus group A infection (invasive)	2011	67
Streptococcus group A infection (invasive)	2012	122
Streptococcus group A infection (invasive)	2013	168
Streptococcus group A infection (invasive)	2014	164
Streptococcus group A infection (invasive)	2015	107
Streptococcus group A infection (invasive)	2016	148
Streptococcus group A infection (invasive)	2017	130
Streptococcus group A infection (invasive)	2018	272
Streptococcus group A infection (invasive)	2019	216
Streptococcus group A infection (invasive)	2020	86
Streptococcus group A infection (invasive)	2021	68
Streptococcus group A infection (invasive)	2022	198
Streptococcus group A infection (invasive)	2023	532
Streptococcus group B infection (invasive)	2004	NA
Streptococcus group B infection (invasive)	2005	NA
Streptococcus group B infection (invasive)	2006	NA
Streptococcus group B infection (invasive)	2007	NA
Streptococcus group B infection (invasive)	2008	NA
Streptococcus group B infection (invasive)	2009	NA
Streptococcus group B infection (invasive)	2010	NA
Streptococcus group B infection (invasive)	2011	NA
Streptococcus group B infection (invasive)	2012	76
Streptococcus group B infection (invasive)	2013	66
Streptococcus group B infection (invasive)	2014	68
Streptococcus group B infection (invasive)	2015	69
Streptococcus group B infection (invasive)	2016	65
Streptococcus group B infection (invasive)	2017	75
Streptococcus group B infection (invasive)	2018	102
Streptococcus group B infection (invasive)	2019	118
Streptococcus group B infection (invasive)	2020	68
Streptococcus group B infection (invasive)	2021	85
Streptococcus group B infection (invasive)	2022	60
Streptococcus group B infection (invasive)	2023	36
Streptococcus pneumoniae infection (invasive)	2004	175
Streptococcus pneumoniae infection (invasive)	2005	271
Streptococcus pneumoniae infection (invasive)	2006	293
Streptococcus pneumoniae infection (invasive)	2007	361
Streptococcus pneumoniae infection (invasive)	2008	464
Streptococcus pneumoniae infection (invasive)	2009	432
Streptococcus pneumoniae infection (invasive)	2010	391
Streptococcus pneumoniae infection (invasive)	2011	425
Streptococcus pneumoniae infection (invasive)	2012	427
Streptococcus pneumoniae infection (invasive)	2013	637
Streptococcus pneumoniae infection (invasive)	2014	680
Streptococcus pneumoniae infection (invasive)	2015	549
Streptococcus pneumoniae infection (invasive)	2016	381
Streptococcus pneumoniae infection (invasive)	2017	415
Streptococcus pneumoniae infection (invasive)	2018	1020
Streptococcus pneumoniae infection (invasive)	2019	840
Streptococcus pneumoniae infection (invasive)	2020	498
Streptococcus pneumoniae infection (invasive)	2021	354
Streptococcus pneumoniae infection (invasive)	2022	750
Streptococcus pneumoniae infection (invasive)	2023	433
Syphilis	2004	NA
Syphilis	2005	NA
Syphilis	2006	NA
Syphilis	2007	NA
Syphilis	2008	NA
Syphilis	2009	NA
Syphilis	2010	NA
Syphilis	2011	405
Syphilis	2012	494
Syphilis	2013	551
Syphilis	2014	281
Syphilis	2015	420
Syphilis	2016	445
Syphilis	2017	411
Syphilis	2018	1012
Syphilis	2019	1571
Syphilis	2020	1209
Syphilis	2021	1430
Syphilis	2022	1780
Syphilis	2023	911
Tetanus	1982	0
Tetanus	1983	0
Tetanus	1984	0
Tetanus	1985	0
Tetanus	1986	0
Tetanus	1987	0
Tetanus	1988	1
Tetanus	1989	0
Tetanus	1990	0
Tetanus	1991	0
Tetanus	1992	1
Tetanus	1993	0
Tetanus	1994	0
Tetanus	1995	0
Tetanus	1996	0
Tetanus	1997	0
Tetanus	1998	1
Tetanus	1999	1
Tetanus	2000	1
Tetanus	2001	3
Tetanus	2002	0
Tetanus	2004	1
Tetanus	2005	0
Tetanus	2006	0
Tetanus	2007	1
Tetanus	2008	2
Tetanus	2009	0
Tetanus	2010	0
Tetanus	2011	0
Tetanus	2012	1
Tetanus	2013	1
Tetanus	2014	1
Tetanus	2015	1
Tetanus	2016	0
Tetanus	2017	1
Tetanus	2018	0
Tetanus	2019	0
Tetanus	2020	0
Tetanus	2021	0
Tetanus	2022	0
Tetanus	2023	0
Toxoplasmosis	2004	33
Toxoplasmosis	2005	45
Toxoplasmosis	2006	44
Toxoplasmosis	2007	49
Toxoplasmosis	2008	49
Toxoplasmosis	2009	37
Toxoplasmosis	2010	36
Toxoplasmosis	2011	32
Toxoplasmosis	2012	36
Toxoplasmosis	2013	32
Toxoplasmosis	2014	20
Toxoplasmosis	2015	25
Toxoplasmosis	2016	24
Toxoplasmosis	2017	20
Toxoplasmosis	2018	64
Toxoplasmosis	2019	94
Toxoplasmosis	2020	42
Toxoplasmosis	2021	38
Toxoplasmosis	2022	32
Toxoplasmosis	2023	20
Trichinosis	2004	0
Trichinosis	2005	0
Trichinosis	2006	0
Trichinosis	2007	2
Trichinosis	2008	0
Trichinosis	2009	0
Trichinosis	2010	0
Trichinosis	2011	0
Trichinosis	2012	0
Trichinosis	2013	0
Trichinosis	2014	0
Trichinosis	2015	0
Trichinosis	2016	0
Trichinosis	2017	0
Trichinosis	2018	0
Trichinosis	2019	0
Trichinosis	2020	0
Trichinosis	2021	0
Trichinosis	2022	0
Trichinosis	2023	0
Trichomoniasis	2004	NA
Trichomoniasis	2005	NA
Trichomoniasis	2006	NA
Trichomoniasis	2007	NA
Trichomoniasis	2008	NA
Trichomoniasis	2009	NA
Trichomoniasis	2010	NA
Trichomoniasis	2011	NA
Trichomoniasis	2012	NA
Trichomoniasis	2013	74
Trichomoniasis	2014	92
Trichomoniasis	2015	56
Trichomoniasis	2016	79
Trichomoniasis	2017	67
Trichomoniasis	2018	128
Trichomoniasis	2019	127
Trichomoniasis	2020	77
Trichomoniasis	2021	56
Trichomoniasis	2022	141
Trichomoniasis	2023	70
Tuberculosis	1982	975
Tuberculosis	1983	924
Tuberculosis	1984	837
Tuberculosis	1985	804
Tuberculosis	1986	602
Tuberculosis	1987	581
Tuberculosis	1988	575
Tuberculosis	1989	638
Tuberculosis	1990	613
Tuberculosis	1991	640
Tuberculosis	1992	604
Tuberculosis	1993	598
Tuberculosis	1994	524
Tuberculosis	1995	458
Tuberculosis	1996	434
Tuberculosis	1997	416
Tuberculosis	1998	424
Tuberculosis	1999	469
Tuberculosis	2000	395
Tuberculosis	2001	381
Tuberculosis	2002	400
Tuberculosis	2004	NA
Tuberculosis	2005	NA
Tuberculosis	2006	NA
Tuberculosis	2007	NA
Tuberculosis	2008	NA
Tuberculosis	2009	NA
Tuberculosis	2010	NA
Tuberculosis	2011	412
Tuberculosis	2012	359
Tuberculosis	2013	370
Tuberculosis	2014	318
Tuberculosis	2015	283
Tuberculosis	2016	315
Tuberculosis	2017	300
Tuberculosis	2018	613
Tuberculosis	2019	513
Tuberculosis	2020	466
Tuberculosis	2021	413
Tuberculosis	2022	428
Tuberculosis	2023	223
Tularemia	2004	0
Tularemia	2005	0
Tularemia	2006	0
Tularemia	2007	0
Tularemia	2008	0
Tularemia	2009	0
Tularemia	2010	0
Tularemia	2011	0
Tularemia	2012	0
Tularemia	2013	0
Tularemia	2014	0
Tularemia	2015	0
Tularemia	2016	0
Tularemia	2017	0
Tularemia	2018	0
Tularemia	2019	0
Tularemia	2020	0
Tularemia	2021	0
Tularemia	2022	0
Tularemia	2023	1
Typhoid	2004	5
Typhoid	2005	5
Typhoid	2006	9
Typhoid	2007	9
Typhoid	2008	5
Typhoid	2009	9
Typhoid	2010	8
Typhoid	2011	14
Typhoid	2012	8
Typhoid	2013	10
Typhoid	2014	7
Typhoid	2015	9
Typhoid	2016	10
Typhoid	2017	16
Typhoid	2018	22
Typhoid	2019	54
Typhoid	2020	4
Typhoid	2021	18
Typhoid	2022	62
Typhoid	2023	15
Typhoid & Paratyphoid	1982	2
Typhoid & Paratyphoid	1983	4
Typhoid & Paratyphoid	1984	3
Typhoid & Paratyphoid	1985	1
Typhoid & Paratyphoid	1986	1
Typhoid & Paratyphoid	1987	0
Typhoid & Paratyphoid	1988	2
Typhoid & Paratyphoid	1989	0
Typhoid & Paratyphoid	1990	0
Typhoid & Paratyphoid	1991	4
Typhoid & Paratyphoid	1992	3
Typhoid & Paratyphoid	1993	1
Typhoid & Paratyphoid	1994	1
Typhoid & Paratyphoid	1995	4
Typhoid & Paratyphoid	1996	4
Typhoid & Paratyphoid	1997	0
Typhoid & Paratyphoid	1998	3
Typhoid & Paratyphoid	1999	0
Typhoid & Paratyphoid	2000	1
Typhoid & Paratyphoid	2001	4
Typhoid & Paratyphoid	2002	5
Typhus	1982	0
Typhus	1983	0
Typhus	1984	0
Typhus	1985	0
Typhus	1986	0
Typhus	1987	0
Typhus	1988	0
Typhus	1989	0
Typhus	1990	0
Typhus	1991	0
Typhus	1992	0
Typhus	1993	1
Typhus	1994	0
Typhus	1995	1
Typhus	1996	0
Typhus	1997	0
Typhus	1998	0
Typhus	1999	0
Typhus	2000	0
Typhus	2001	0
Typhus	2002	0
Typhus	2004	0
Typhus	2005	0
Typhus	2006	0
Typhus	2007	0
Typhus	2008	0
Typhus	2009	0
Typhus	2010	0
Typhus	2011	1
Typhus	2012	0
Typhus	2013	0
Typhus	2014	0
Typhus	2015	0
Typhus	2016	0
Typhus	2017	0
Typhus	2018	0
Typhus	2019	0
Typhus	2020	0
Typhus	2021	0
Typhus	2022	0
Typhus	2023	1
Verotoxigenic Escherichia coli infection	2004	65
Verotoxigenic Escherichia coli infection	2005	125
Verotoxigenic Escherichia coli infection	2006	158
Verotoxigenic Escherichia coli infection	2007	168
Verotoxigenic Escherichia coli infection	2008	226
Verotoxigenic Escherichia coli infection	2009	241
Verotoxigenic Escherichia coli infection	2010	199
Verotoxigenic Escherichia coli infection	2011	284
Verotoxigenic Escherichia coli infection	2012	554
Verotoxigenic Escherichia coli infection	2013	701
Verotoxigenic Escherichia coli infection	2014	707
Verotoxigenic Escherichia coli infection	2015	730
Verotoxigenic Escherichia coli infection	2016	839
Verotoxigenic Escherichia coli infection	2017	923
Verotoxigenic Escherichia coli infection	2018	2226
Verotoxigenic Escherichia coli infection	2019	1740
Verotoxigenic Escherichia coli infection	2020	1633
Verotoxigenic Escherichia coli infection	2021	1910
Verotoxigenic Escherichia coli infection	2022	1981
Verotoxigenic Escherichia coli infection	2023	912
Viral Haemorrhagic Disease	1982	0
Viral Haemorrhagic Disease	1983	0
Viral Haemorrhagic Disease	1984	0
Viral Haemorrhagic Disease	1985	0
Viral Haemorrhagic Disease	1986	0
Viral Haemorrhagic Disease	1987	0
Viral Haemorrhagic Disease	1988	0
Viral Haemorrhagic Disease	1989	0
Viral Haemorrhagic Disease	1990	0
Viral Haemorrhagic Disease	1991	0
Viral Haemorrhagic Disease	1992	0
Viral Haemorrhagic Disease	1993	0
Viral Haemorrhagic Disease	1994	0
Viral Haemorrhagic Disease	1995	0
Viral Haemorrhagic Disease	1996	0
Viral Haemorrhagic Disease	1997	1
Viral Haemorrhagic Disease	1998	0
Viral Haemorrhagic Disease	1999	0
Viral Haemorrhagic Disease	2000	0
Viral Haemorrhagic Disease	2001	0
Viral Haemorrhagic Disease	2002	0
Viral Hepatitis Type A	1982	184
Viral Hepatitis Type A	1983	237
Viral Hepatitis Type A	1984	255
Viral Hepatitis Type A	1985	201
Viral Hepatitis Type A	1986	126
Viral Hepatitis Type A	1987	212
Viral Hepatitis Type A	1988	261
Viral Hepatitis Type A	1989	564
Viral Hepatitis Type A	1990	538
Viral Hepatitis Type A	1991	205
Viral Hepatitis Type A	1992	430
Viral Hepatitis Type A	1993	369
Viral Hepatitis Type A	1994	94
Viral Hepatitis Type A	1995	133
Viral Hepatitis Type A	1996	313
Viral Hepatitis Type A	1997	422
Viral Hepatitis Type A	1998	218
Viral Hepatitis Type A	1999	323
Viral Hepatitis Type A	2000	309
Viral Hepatitis Type A	2001	112
Viral Hepatitis Type A	2002	26
Viral Hepatitis Unspecified	1982	1066
Viral Hepatitis Unspecified	1983	1192
Viral Hepatitis Unspecified	1984	1022
Viral Hepatitis Unspecified	1985	731
Viral Hepatitis Unspecified	1986	544
Viral Hepatitis Unspecified	1987	381
Viral Hepatitis Unspecified	1988	253
Viral Hepatitis Unspecified	1989	371
Viral Hepatitis Unspecified	1990	398
Viral Hepatitis Unspecified	1991	152
Viral Hepatitis Unspecified	1992	240
Viral Hepatitis Unspecified	1993	190
Viral Hepatitis Unspecified	1994	60
Viral Hepatitis Unspecified	1995	66
Viral Hepatitis Unspecified	1996	67
Viral Hepatitis Unspecified	1997	122
Viral Hepatitis Unspecified	1998	147
Viral Hepatitis Unspecified	1999	125
Viral Hepatitis Unspecified	2000	65
Viral Hepatitis Unspecified	2001	90
Viral Hepatitis Unspecified	2002	89
Viral encephalitis	1982	4
Viral encephalitis	1983	7
Viral encephalitis	1984	10
Viral encephalitis	1985	4
Viral encephalitis	1986	7
Viral encephalitis	1987	1
Viral encephalitis	1988	0
Viral encephalitis	1989	0
Viral encephalitis	1990	0
Viral encephalitis	1991	0
Viral encephalitis	1992	1
Viral encephalitis	1993	2
Viral encephalitis	1994	1
Viral encephalitis	1995	0
Viral encephalitis	1996	7
Viral encephalitis	1997	3
Viral encephalitis	1998	0
Viral encephalitis	1999	1
Viral encephalitis	2000	1
Viral encephalitis	2001	5
Viral encephalitis	2002	4
Viral encephalitis	2004	5
Viral encephalitis	2005	6
Viral encephalitis	2006	16
Viral encephalitis	2007	8
Viral encephalitis	2008	5
Viral encephalitis	2009	5
Viral encephalitis	2010	22
Viral encephalitis	2011	23
Viral encephalitis	2012	18
Viral encephalitis	2013	6
Viral encephalitis	2014	68
Viral encephalitis	2015	47
Viral encephalitis	2016	61
Viral encephalitis	2017	71
Viral encephalitis	2018	168
Viral encephalitis	2019	150
Viral encephalitis	2020	96
Viral encephalitis	2021	128
Viral encephalitis	2022	74
Viral encephalitis	2023	62
Viral haemorrhagic fevers	2004	0
Viral haemorrhagic fevers	2005	0
Viral haemorrhagic fevers	2006	0
Viral haemorrhagic fevers	2007	0
Viral haemorrhagic fevers	2008	0
Viral haemorrhagic fevers	2009	0
Viral haemorrhagic fevers	2010	0
Viral haemorrhagic fevers	2011	0
Viral haemorrhagic fevers	2012	0
Viral haemorrhagic fevers	2013	0
Viral haemorrhagic fevers	2014	0
Viral haemorrhagic fevers	2015	0
Viral haemorrhagic fevers	2016	0
Viral haemorrhagic fevers	2017	0
Viral haemorrhagic fevers	2018	0
Viral haemorrhagic fevers	2019	0
Viral haemorrhagic fevers	2020	0
Viral haemorrhagic fevers	2021	0
Viral haemorrhagic fevers	2022	0
Viral haemorrhagic fevers	2023	0
Viral meningitis	1982	54
Viral meningitis	1983	191
Viral meningitis	1984	163
Viral meningitis	1985	120
Viral meningitis	1986	161
Viral meningitis	1987	81
Viral meningitis	1988	101
Viral meningitis	1989	52
Viral meningitis	1990	300
Viral meningitis	1991	86
Viral meningitis	1992	104
Viral meningitis	1993	39
Viral meningitis	1994	90
Viral meningitis	1995	74
Viral meningitis	1996	77
Viral meningitis	1997	32
Viral meningitis	1998	32
Viral meningitis	1999	27
Viral meningitis	2000	98
Viral meningitis	2001	161
Viral meningitis	2002	36
Viral meningitis	2004	23
Viral meningitis	2005	35
Viral meningitis	2006	148
Viral meningitis	2007	45
Viral meningitis	2008	97
Viral meningitis	2009	142
Viral meningitis	2010	168
Viral meningitis	2011	220
Viral meningitis	2012	235
Viral meningitis	2013	281
Viral meningitis	2014	435
Viral meningitis	2015	261
Viral meningitis	2016	299
Viral meningitis	2017	259
Viral meningitis	2018	672
Viral meningitis	2019	652
Viral meningitis	2020	284
Viral meningitis	2021	261
Viral meningitis	2022	638
Viral meningitis	2023	318
West Nile fever	2004	NA
West Nile fever	2005	NA
West Nile fever	2006	NA
West Nile fever	2007	NA
West Nile fever	2008	NA
West Nile fever	2009	NA
West Nile fever	2010	NA
West Nile fever	2011	NA
West Nile fever	2012	0
West Nile fever	2013	1
West Nile fever	2014	0
West Nile fever	2015	0
West Nile fever	2016	0
West Nile fever	2017	0
West Nile fever	2018	0
West Nile fever	2019	0
West Nile fever	2020	0
West Nile fever	2021	0
West Nile fever	2022	0
West Nile fever	2023	1
Yellow Fever	1982	0
Yellow Fever	1983	0
Yellow Fever	1984	0
Yellow Fever	1985	0
Yellow Fever	1986	0
Yellow Fever	1987	0
Yellow Fever	1988	0
Yellow Fever	1989	0
Yellow Fever	1990	0
Yellow Fever	1991	0
Yellow Fever	1992	0
Yellow Fever	1993	0
Yellow Fever	1994	0
Yellow Fever	1995	0
Yellow Fever	1996	0
Yellow Fever	1997	0
Yellow Fever	1998	1
Yellow Fever	1999	1
Yellow Fever	2000	0
Yellow Fever	2001	0
Yellow Fever	2002	0
Yellow fever	2004	0
Yellow fever	2005	0
Yellow fever	2006	0
Yellow fever	2007	0
Yellow fever	2008	0
Yellow fever	2009	0
Yellow fever	2010	0
Yellow fever	2011	0
Yellow fever	2012	0
Yellow fever	2013	0
Yellow fever	2014	0
Yellow fever	2015	0
Yellow fever	2016	0
Yellow fever	2017	0
Yellow fever	2018	0
Yellow fever	2019	0
Yellow fever	2020	0
Yellow fever	2021	0
Yellow fever	2022	0
Yellow fever	2023	0
Yersiniosis	2004	6
Yersiniosis	2005	3
Yersiniosis	2006	1
Yersiniosis	2007	7
Yersiniosis	2008	3
Yersiniosis	2009	3
Yersiniosis	2010	3
Yersiniosis	2011	6
Yersiniosis	2012	2
Yersiniosis	2013	4
Yersiniosis	2014	5
Yersiniosis	2015	13
Yersiniosis	2016	3
Yersiniosis	2017	6
Yersiniosis	2018	16
Yersiniosis	2019	18
Yersiniosis	2020	26
Yersiniosis	2021	36
Yersiniosis	2022	34
Yersiniosis	2023	30
Zika virus infection	2015	NA
Zika virus infection	2016	13
Zika virus infection	2017	4
Zika virus infection	2018	0
